<application>
  <component name="FileTypeManager" version="17">
    <extensionMap>
      <mapping pattern="test" type="PLAIN_TEXT" />
      <mapping pattern="go.mod" type="PLAIN_TEXT" />
      <mapping ext="subject" type="PLAIN_TEXT" />
      <mapping ext="topic" type="PLAIN_TEXT" />
      <mapping ext="message" type="PLAIN_TEXT" />
      <removed_mapping pattern="go.mod" approved="true" type="go.mod" />
      <removed_mapping pattern="go.mod" approved="true" type="go.mod" />
    </extensionMap>
  </component>
</application>